Tech,Cumulative production,Unit cost
Wind_Turbine_2_(Germany),1.25,2549.0
Wind_Turbine_2_(Germany),4.4,2888.0
Wind_Turbine_2_(Germany),10.7,2542.0
Wind_Turbine_2_(Germany),32.7,2854.0
Wind_Turbine_2_(Germany),52.9,2949.0
Wind_Turbine_2_(Germany),82.0,2500.0
Wind_Turbine_2_(Germany),126.9,2102.0
Wind_Turbine_2_(Germany),277.9,1987.0
Wind_Turbine_2_(Germany),577.0,1752.0
Wind_Turbine_2_(Germany),849.0,1835.0
Wind_Turbine_2_(Germany),1132.6,1925.0
Wind_Turbine_2_(Germany),1605.1,1958.0
Wind_Turbine_2_(Germany),2388.9,1996.0
Caprolactam,350.0,41.64892528
Caprolactam,513.8,38.21699079
Caprolactam,701.4,34.61704312
Caprolactam,947.1,31.82048682
Caprolactam,1237.1,24.48412698
Caprolactam,1556.1,19.87366375
Caprolactam,1884.7,18.26153846
Caprolactam,2284.7,16.75683318
Caprolactam,2764.7,16.26853526
Caprolactam,3272.7,15.10490112
Caprolactam,3847.4,14.80067002
Fotovoltaica,0.0001,2273.0
Fotovoltaica,0.0005,1856.0
Fotovoltaica,0.00201537,1411.0
Fotovoltaica,0.006586015,1241.0
Fotovoltaica,0.0129994,1191.0
Fotovoltaica,0.0239719,1073.0
Fotovoltaica,0.0402977,907.0
Fotovoltaica,0.06232205,753.0
Fotovoltaica,0.08614885,593.0
Fotovoltaica,0.1165744,440.0
Fotovoltaica,0.158381,369.0
Fotovoltaica,0.192719,309.0
Fotovoltaica,0.2680155,251.0
Fotovoltaica,0.3298105,211.0
Fotovoltaica,0.406049,183.0
Fotovoltaica,0.4561035,163.0
Fotovoltaica,0.4947255,115.0
Fotovoltaica,0.5854735,79.77
Fotovoltaica,0.8258865,62.81
Fotovoltaica,1.08,46.37
Fotovoltaica,2.16,32.65
Fotovoltaica,3.51,26.89
Fotovoltaica,5.235,22.76
Fotovoltaica,7.965,17.86
Fotovoltaica,12.88,15.71
Fotovoltaica,19.405,12.78
Fotovoltaica,29.255,11.6
Fotovoltaica,46.705,9.95
Fotovoltaica,66.455,8.18
Fotovoltaica,89.155,6.75
Fotovoltaica,113.655,6.63
Fotovoltaica,140.6,6.8
Fotovoltaica,173.35,6.98
Fotovoltaica,212.3,6.55
Fotovoltaica,257.15,5.88
Fotovoltaica,309.05,5.53
Fotovoltaica,365.9,5.16
Fotovoltaica,423.75,4.86
Fotovoltaica,489.25,4.71
Fotovoltaica,565.0,4.76
Fotovoltaica,650.8,4.35
Fotovoltaica,771.0,3.93
Fotovoltaica,914.5,3.92
Fotovoltaica,1103.0,3.67
Fotovoltaica,1373.0,3.41
Fotovoltaica,1738.5,3.15
Fotovoltaica,2229.205645,3.5
Fotovoltaica,3054.0,3.57
Fotovoltaica,4248.0,3.65
Fotovoltaica,6034.0,3.59
Crude_Oil,20.93,2.64
Crude_Oil,22.79,3.32
Crude_Oil,24.81,3.3
Crude_Oil,26.65,3.23
Crude_Oil,28.62,3.01
Crude_Oil,30.87,2.95
Crude_Oil,33.16,3.08
Crude_Oil,35.52,3.15
Crude_Oil,37.87,3.09
Crude_Oil,40.31,2.99
Crude_Oil,42.93,3.17
Crude_Oil,45.55,3.03
Crude_Oil,48.0,2.9
Crude_Oil,50.57,2.85
Crude_Oil,53.13,2.82
Crude_Oil,55.75,2.79
Crude_Oil,58.43,2.74
Crude_Oil,61.18,2.69
Crude_Oil,63.97,2.63
Crude_Oil,66.82,2.59
Crude_Oil,69.85,2.54
Crude_Oil,73.07,2.47
Photovoltaics_2,525600.0,8.07
Photovoltaics_2,1215450.0,6.2
Photovoltaics_2,2595150.0,5.6
Photovoltaics_2,4631850.0,5.59
Photovoltaics_2,8738100.0,4.96
Photovoltaics_2,14486850.0,4.39
Photovoltaics_2,23027850.0,3.11
Photovoltaics_2,36496350.0,2.67
Photovoltaics_2,49636350.0,2.09
Photovoltaics_2,62283600.0,1.55
Photovoltaics_2,73945350.0,1.17
Photovoltaics_2,88235100.0,1.09
Photovoltaics_2,106466850.0,1.13
Photovoltaics_2,129626100.0,1.12
Photovoltaics_2,153935100.0,0.978
Photovoltaics_2,182021850.0,0.776
Photovoltaics_2,211751100.0,0.646
Photovoltaics_2,248608800.0,0.603
Photovoltaics_2,290722500.0,0.575
Photovoltaics_2,347799375.0,0.544
Photovoltaics_2,411610500.0,0.537
Photovoltaics_2,495378000.0,0.457
Photovoltaics_2,583580250.0,0.412
Photovoltaics_2,683444250.0,0.43
Photovoltaics_2,806582475.0,0.383
Photovoltaics_2,971325225.0,0.342
Photovoltaics_2,1169410725.0,0.296
Photovoltaics_2,1338588225.0,0.329
Photovoltaics_2,1566402975.0,0.336
Photovoltaics_2,1817869725.0,0.361
Photovoltaics_2,2109577725.0,0.354
Photovoltaics_2,2551574475.0,0.35
Photovoltaics_2,3210381225.0,0.33
Onshore_Gas_Pipeline,2.29091076,1100.857653
Onshore_Gas_Pipeline,4.39749396,1344.168761
Onshore_Gas_Pipeline,5.297134,1269.087998
Onshore_Gas_Pipeline,8.66864657,1093.767385
Onshore_Gas_Pipeline,10.57472857,899.3719363
Onshore_Gas_Pipeline,18.41544861,880.9327245
Onshore_Gas_Pipeline,20.73811173,1017.384558
Onshore_Gas_Pipeline,22.86011845,1182.683369
Onshore_Gas_Pipeline,24.36061967,1218.19917
Onshore_Gas_Pipeline,25.04263927,1169.700718
Onshore_Gas_Pipeline,25.45144815,1109.240881
Onshore_Gas_Pipeline,26.59021767,1040.934204
Onshore_Gas_Pipeline,29.03981215,777.7948949
Titanium_Sponge,58.0,5.84
Titanium_Sponge,558.0,5.72
Titanium_Sponge,1633.0,5.66
Titanium_Sponge,3874.0,5.58
Titanium_Sponge,9244.0,4.44
Titanium_Sponge,16644.0,3.39
Titanium_Sponge,31244.0,2.53
Titanium_Sponge,48494.0,2.02
Titanium_Sponge,52994.0,1.7
Titanium_Sponge,56892.0,1.55
Titanium_Sponge,62203.0,1.4
Titanium_Sponge,68930.0,1.3
Titanium_Sponge,75660.0,1.23
Titanium_Sponge,83539.0,1.21
Titanium_Sponge,91539.0,1.19
Titanium_Sponge,100689.0,1.16
Titanium_Sponge,116789.0,1.12
Titanium_Sponge,136000.0,1.08
Wind_Electricity,2668.0,32.12
Wind_Electricity,9158.0,27.93
Wind_Electricity,14920.0,25.24
Wind_Electricity,19109.0,21.52
Wind_Electricity,22650.0,19.2
Wind_Electricity,23521.0,17.01
Wind_Electricity,2135564.0,14.62
Wind_Electricity,4924164.0,12.86
Wind_Electricity,7875115.0,11.58
Wind_Electricity,10762638.0,10.12
Wind_Electricity,13768465.0,9.07
Wind_Electricity,17215574.0,8.08
Wind_Electricity,20379827.0,7.29
Wind_Electricity,23613896.0,6.93
Wind_Electricity,26901931.0,6.31
Wind_Electricity,29927627.0,6.0
Wind_Electricity,34415625.0,5.86
Wind_Electricity,40008886.0,5.52
Wind_Electricity,46746218.0,5.35
Wind_Electricity,57100497.0,5.23
Wind_Electricity,68287964.0,5.08
Wind_Electricity,82431705.0,4.83
Milk_(US),100158.0,224.2494832
Milk_(US),203187.0,232.2059532
Milk_(US),306997.0,236.8530574
Milk_(US),411759.0,247.9487508
Milk_(US),513380.0,238.9684304
Milk_(US),614585.0,231.6775705
Milk_(US),716995.0,228.999686
Milk_(US),818903.0,219.3720642
Milk_(US),924710.0,217.939546
Milk_(US),1031502.0,216.3455562
Milk_(US),1140914.0,211.0341652
Milk_(US),1256002.0,211.1369829
Milk_(US),1374535.0,217.4966031
Milk_(US),1491552.0,218.732215
Milk_(US),1608575.0,208.9244584
Milk_(US),1728403.0,204.671317
Milk_(US),1846100.0,199.7123632
Milk_(US),1962914.0,198.3207746
Milk_(US),2075585.0,189.6953567
Milk_(US),2191688.0,188.197458
Milk_(US),2308290.0,187.5227806
Milk_(US),2422971.0,186.0801772
Milk_(US),2537642.0,180.4277123
Milk_(US),2657863.0,176.7597097
Milk_(US),2779957.0,171.1684086
Milk_(US),2902902.0,164.1894922
Milk_(US),3027762.0,158.6665918
Milk_(US),3152390.0,151.8535952
Milk_(US),3275610.0,146.7451983
Milk_(US),3397599.0,142.2836673
Milk_(US),3520708.0,137.1586308
Milk_(US),3646415.0,133.416765
Milk_(US),3772666.0,129.8765195
Milk_(US),3897868.0,123.4722408
Milk_(US),4024835.0,120.4139153
Milk_(US),4149015.0,117.3477217
Milk_(US),4268927.0,112.9813361
Milk_(US),4387659.0,109.4612924
Milk_(US),4504884.0,105.9935577
Milk_(US),4620992.0,102.5340364
Milk_(US),4737999.0,99.84143852
Milk_(US),4856565.0,97.45053114
Milk_(US),4976590.0,98.82848014
Milk_(US),5092081.0,97.16142093
Milk_(US),5207667.0,96.98175012
Milk_(US),5323065.0,91.78981528
Milk_(US),5443245.0,89.23076923
Milk_(US),5565900.0,88.94780175
Milk_(US),5687360.0,87.01175517
Milk_(US),5810710.0,84.07083781
Milk_(US),5939116.0,82.08179559
Milk_(US),6071886.0,80.96567061
Milk_(US),6207688.0,79.22815715
Milk_(US),6347276.0,79.73934437
Milk_(US),6482627.0,76.78446564
Milk_(US),6625639.0,75.41445519
Milk_(US),6769020.0,72.44119896
Milk_(US),6911577.0,70.49381524
Milk_(US),7056611.0,69.81576588
Milk_(US),7200504.0,67.64779551
Milk_(US),7348225.0,66.52809468
Milk_(US),7495922.0,64.20784041
Milk_(US),7646807.0,63.60365384
Milk_(US),7797443.0,61.80909103
Milk_(US),7951045.0,60.95613425
Milk_(US),8106337.0,64.92604184
Milk_(US),8260343.0,59.27311632
Milk_(US),8416434.0,58.18633872
Milk_(US),8573696.0,56.29175405
Milk_(US),8736285.0,54.95600174
Milk_(US),8903678.0,55.05437544
Milk_(US),9069010.0,53.74037857
Milk_(US),9239073.0,53.30146601
Milk_(US),9409467.0,52.71818363
Milk_(US),9580401.0,51.1094846
Milk_(US),9757330.0,50.26212716
Milk_(US),9939112.0,49.4948668
Milk_(US),10124766.0,49.03011706
HydrofluoricAcid,2092.5,14.55987718
HydrofluoricAcid,2259.0,14.24257932
HydrofluoricAcid,2447.4,13.71252567
HydrofluoricAcid,2644.7,13.8336714
HydrofluoricAcid,2870.9,13.23710317
HydrofluoricAcid,3138.1,13.24198251
HydrofluoricAcid,3410.9,13.70480769
HydrofluoricAcid,3712.7,13.7464656
HydrofluoricAcid,4040.0,14.54520796
HydrofluoricAcid,4364.9,14.54170249
HydrofluoricAcid,4699.0,13.31239531
Transistor,2.0,3.567396669
Transistor,5.0,2.155532171
Transistor,10.0,1.103027409
Transistor,19.0,0.589689161
Transistor,39.0,0.32748535
Transistor,89.0,0.195507392
Transistor,179.0,0.065019757
Transistor,379.0,0.032767453
Transistor,879.0,0.018281466
Transistor,1879.0,0.010952251
Transistor,3879.0,0.005058634
Transistor,8879.0,0.002938864
Transistor,18879.0,0.001370008
Transistor,38879.0,0.000668019
Transistor,78879.0,0.00048377
Transistor,148879.0,0.000437762
Transistor,258879.0,0.000197308
Transistor,458879.0,0.000140079
Transistor,808879.0,9.84e-05
Transistor,1408879.0,7.59e-05
Transistor,2408879.0,3.91e-05
Transistor,4408879.0,2.24e-05
Transistor,7523761.151,1.5e-05
Transistor,12405981.64,1.04e-05
Transistor,19916726.54,9.04e-06
Transistor,30846856.92,7.63e-06
Transistor,47566383.91,6.7e-06
Transistor,74025479.71,4.2e-06
Transistor,111869568.4,2.37e-06
Transistor,179269568.4,1.17e-06
Transistor,301269568.4,8.32e-07
Transistor,508269568.4,6.67e-07
Transistor,855269568.4,2.87e-07
Transistor,1388269568.0,1.95e-07
Transistor,2164269568.0,1.49e-07
Transistor,3374269568.0,1.14e-07
Transistor,5694269568.0,4.6e-08
CarbonDisulfide,13006.9,4.17604913
CarbonDisulfide,13658.9,4.126283368
CarbonDisulfide,14327.7,4.055780933
CarbonDisulfide,15084.2,4.067460317
CarbonDisulfide,15836.5,3.8202138
CarbonDisulfide,16530.1,4.241346154
CarbonDisulfide,17322.7,4.128180961
CarbonDisulfide,18121.4,3.77034358
CarbonDisulfide,18842.3,3.431642304
CarbonDisulfide,19602.3,3.332495812
Primary_Aluminum,1183.5,0.483
Primary_Aluminum,1298.5,0.473
Primary_Aluminum,1387.5,0.58
Primary_Aluminum,1439.5,0.593
Primary_Aluminum,1482.5,0.511
Primary_Aluminum,1519.5,0.481
Primary_Aluminum,1579.5,0.48
Primary_Aluminum,1691.5,0.451
Primary_Aluminum,1837.5,0.456
Primary_Aluminum,1980.5,0.463
Primary_Aluminum,2144.5,0.426
Primary_Aluminum,2350.5,0.35
Primary_Aluminum,2659.5,0.283
Primary_Aluminum,3180.5,0.264
Primary_Aluminum,4100.5,0.258
Primary_Aluminum,4876.5,0.251
Primary_Aluminum,5371.5,0.225
Primary_Aluminum,5781.5,0.201
Primary_Aluminum,6353.5,0.198
Primary_Aluminum,6976.5,0.215
Primary_Aluminum,7579.5,0.221
Primary_Aluminum,8298.5,0.222
Primary_Aluminum,9135.5,0.222
Primary_Aluminum,10072.5,0.237
Primary_Aluminum,11324.5,0.243
Primary_Aluminum,12785.5,0.26
Primary_Aluminum,14351.5,0.277
Primary_Aluminum,16030.5,0.282
Primary_Aluminum,17678.5,0.269
Primary_Aluminum,19244.5,0.265
Primary_Aluminum,21198.5,0.252
Primary_Aluminum,23212.5,0.215
Primary_Aluminum,25116.5,0.226
Primary_Aluminum,27234.5,0.211
Primary_Aluminum,29234.5,0.218
Primary_Aluminum,32100.5,0.221
Primary_Aluminum,34854.5,0.215
Primary_Aluminum,37882.5,0.213
Primary_Aluminum,41091.0,0.21
Acrylonitrile,921.0,26.82868937
Acrylonitrile,1153.3,22.92535787
Acrylonitrile,1382.5,17.9255102
Acrylonitrile,1632.0,15.19959058
Acrylonitrile,1992.1,14.20061412
Acrylonitrile,2447.4,16.10882957
Acrylonitrile,3041.6,16.1693712
Acrylonitrile,3813.2,12.55357143
Acrylonitrile,4529.3,11.4548105
Acrylonitrile,5200.1,11.53942308
Acrylonitrile,6221.1,11.06503299
Acrylonitrile,7377.7,9.886980108
Acrylonitrile,8417.0,8.890799656
Acrylonitrile,9395.9,8.968174204
Photovoltaics_4,0.54,81.18305769
Photovoltaics_4,1.08,61.0809694
Photovoltaics_4,2.16,44.56144005
Photovoltaics_4,3.51,31.52747719
Photovoltaics_4,5.235,26.49060277
Photovoltaics_4,7.965,22.44901262
Photovoltaics_4,12.88,17.94840709
Photovoltaics_4,19.405,16.12624335
Photovoltaics_4,29.255,13.01871886
Photovoltaics_4,46.705,12.0969158
Photovoltaics_4,66.455,10.56087717
Photovoltaics_4,89.155,8.735944145
Photovoltaics_4,113.655,7.427029777
Photovoltaics_4,140.6,6.93715666
Photovoltaics_4,173.35,7.169248158
Photovoltaics_4,212.3,7.415229772
Photovoltaics_4,257.15,6.869198132
Photovoltaics_4,309.05,6.399623164
Photovoltaics_4,365.9,5.984772143
Photovoltaics_4,423.75,5.661489354
Photovoltaics_4,489.25,5.234652478
Photovoltaics_4,565.0,4.893854049
Photovoltaics_4,650.8,4.876788816
Photovoltaics_4,771.0,4.394476635
Photovoltaics_4,914.5,4.059444761
Photovoltaics_4,1103.0,3.983782049
Photovoltaics_4,1373.0,3.85411207
Photovoltaics_4,1738.5,3.524662165
PolyesterFiber,290.6,128.797546
PolyesterFiber,392.7,120.4459184
PolyesterFiber,493.7,116.6601842
PolyesterFiber,642.4,116.6601842
PolyesterFiber,849.5,100.6190965
PolyesterFiber,1096.0,85.20791075
PolyesterFiber,1474.5,81.37202381
PolyesterFiber,1973.7,56.34013605
PolyesterFiber,2682.1,52.86730769
PolyesterFiber,3762.9,42.4269557
PolyesterFiber,5065.0,37.08679928
PolyesterFiber,6530.4,32.68787618
PolyesterFiber,8349.8,30.16499162
Geothermal_Electricity,26599233.0,12.375
Geothermal_Electricity,31672312.0,11.74342105
Geothermal_Electricity,37358475.0,11.11111111
Geothermal_Electricity,42201340.0,10.47794118
Geothermal_Electricity,48276441.0,9.84375
Geothermal_Electricity,56016945.0,9.208333333
Geothermal_Electricity,65342175.0,8.571428571
Geothermal_Electricity,75650129.0,8.254869668
Geothermal_Electricity,86425590.0,7.932692308
Geothermal_Electricity,96725669.0,7.325581395
Geothermal_Electricity,111319112.0,7.181756297
Geothermal_Electricity,126753383.0,6.86277995
Geothermal_Electricity,142719827.0,6.428571429
Geothermal_Electricity,158857789.0,5.86306914
Geothermal_Electricity,175646354.0,5.676521739
Geothermal_Electricity,191181807.0,5.5125
Geothermal_Electricity,204560065.0,5.436231884
Geothermal_Electricity,218888749.0,5.0243309
Geothermal_Electricity,233614851.0,4.675324675
Geothermal_Electricity,248388769.0,4.426373626
Geothermal_Electricity,263215782.0,4.322033898
Geothermal_Electricity,277308940.0,4.219653179
Geothermal_Electricity,291049441.0,4.117159763
Geothermal_Electricity,305540751.0,3.945679012
Geothermal_Electricity,319964982.0,3.705263158
Geothermal_Electricity,334775957.0,3.61952862
Solar_Thermal,16.25,8595.847837
Solar_Thermal,30.25,5989.46008
Solar_Thermal,60.25,6280.233212
Solar_Thermal,125.25,7210.855567
Solar_Thermal,155.25,6623.814939
Solar_Thermal,205.25,4695.248254
Solar_Thermal,287.25,4360.414156
Solar_Thermal,368.12,6100.0
Solar_Thermal,371.04,4040.836169
Cyclohexane,416.0,5.995670996
Cyclohexane,457.0,5.599169263
Cyclohexane,528.0,5.622523462
Cyclohexane,579.0,5.395252838
Cyclohexane,639.0,5.345603272
Cyclohexane,726.0,5.140816327
Cyclohexane,834.0,4.60593654
Cyclohexane,967.0,4.154554759
Cyclohexane,1133.0,3.940451745
Cyclohexane,1343.0,4.137931034
Cyclohexane,1605.0,4.026785714
Cyclohexane,1897.0,3.72303207
Cyclohexane,2170.0,3.221153846
Cyclohexane,2484.0,3.14797361
Cyclohexane,2827.0,3.103074141
Cyclohexane,3110.0,2.81255374
Cyclohexane,3379.0,2.495812395
DRAM,0.00092,32.9276677
DRAM,0.00471,25.1259413
DRAM,0.013,15.60088634
DRAM,0.03287,7.299822299
DRAM,0.07557,3.62459676
DRAM,0.20623,2.043005538
DRAM,0.4823,1.239024459
DRAM,1.14616,0.901530955
DRAM,2.58488,0.638162733
DRAM,5.75764,0.270379735
DRAM,10.27031,0.148350229
DRAM,21.79072,0.110235974
DRAM,51.43921,0.087626193
DRAM,119.85797,0.027144296
DRAM,207.37638,0.016425558
DRAM,399.78352,0.015803998
DRAM,655.39194,0.022024975
DRAM,1084.79692,0.01900752
DRAM,1716.75401,0.008998422
DRAM,2667.34714,0.005673695
DRAM,4213.93776,0.003908046
DRAM,7059.57642,0.003998369
DRAM,11237.53574,0.003901705
DRAM,18748.34145,0.003850863
DRAM,31758.94139,0.001295655
DRAM,55118.0194,0.00051369
DRAM,100771.8986,0.000192708
DRAM,185948.7767,0.000162376
DRAM,333276.1814,0.000123933
DRAM,596912.045,2.95e-05
DRAM,1016584.015,2.81e-05
DRAM,1606485.736,2.15e-05
DRAM,2429501.009,2.1e-05
DRAM,3750832.581,1.28e-05
DRAM,5745430.459,1.11e-05
DRAM,8690504.332,5.24e-06
SodiumHydrosulfite,944.0,23.06570842
SodiumHydrosulfite,975.0,23.73833671
SodiumHydrosulfite,1010.0,23.83234127
SodiumHydrosulfite,1050.0,22.49757046
SodiumHydrosulfite,1086.0,22.39326923
SodiumHydrosulfite,1126.0,24.04147031
SodiumHydrosulfite,1164.0,20.93128391
SodiumHydrosulfite,1206.0,19.16337059
SodiumHydrosulfite,1248.0,20.46482412
EthylAlcohol,2031.7,5.650677789
EthylAlcohol,2253.4,5.75748194
EthylAlcohol,2483.7,6.229038855
EthylAlcohol,2731.7,6.234693878
EthylAlcohol,2985.4,6.374616172
EthylAlcohol,3234.2,6.305015353
EthylAlcohol,3496.0,6.471252567
EthylAlcohol,3780.4,5.912778905
EthylAlcohol,4077.9,6.074404762
EthylAlcohol,4362.9,5.908649174
EthylAlcohol,4641.5,5.673076923
EthylAlcohol,4928.2,5.510838831
EthylAlcohol,5266.1,5.698915009
EthylAlcohol,5573.7,5.114359415
EthylAlcohol,5825.1,4.498324958
Ethanol_2,8.272706171,152.3
Ethanol_2,16.54541234,155.0
Ethanol_2,34.21118369,147.5
Ethanol_2,56.96499431,138.0
Ethanol_2,83.00560401,132.3
Ethanol_2,117.7800621,119.3
Ethanol_2,166.9953908,117.2
Ethanol_2,223.9480054,122.2
Ethanol_2,295.5395652,93.0
Ethanol_2,357.3326259,98.0
Ethanol_2,433.7151131,85.2
Ethanol_2,505.0405102,71.5
Ethanol_2,577.0220292,65.0
Ethanol_2,648.3164771,66.14
Ethanol_2,727.9362448,68.6
Ethanol_2,800.7657702,61.6
Ethanol_2,870.079473,61.5
Monochrome_Television,18.0,296.0
Monochrome_Television,116.0,249.0
Monochrome_Television,416.0,226.0
Monochrome_Television,1162.0,208.0
Monochrome_Television,1700.0,197.0
Monochrome_Television,2310.0,193.0
Monochrome_Television,3032.0,156.0
Monochrome_Television,3767.0,152.0
Monochrome_Television,4543.0,135.0
Monochrome_Television,5282.0,134.0
Monochrome_Television,5922.0,135.0
Monochrome_Television,6414.0,126.0
Monochrome_Television,7049.0,127.0
Monochrome_Television,7620.0,118.0
Monochrome_Television,8238.0,121.0
Monochrome_Television,8885.0,110.0
Monochrome_Television,9598.0,100.0
Monochrome_Television,10409.0,85.5
Monochrome_Television,11245.0,93.0
Monochrome_Television,11969.0,90.5
Monochrome_Television,12447.0,89.0
Polyvinylchloride,367.0,0.469
Polyvinylchloride,503.0,0.465
Polyvinylchloride,676.0,0.493
Polyvinylchloride,903.0,0.462
Polyvinylchloride,1228.0,0.456
Polyvinylchloride,1639.0,0.446
Polyvinylchloride,1995.0,0.442
Polyvinylchloride,2430.0,0.424
Polyvinylchloride,2826.0,0.374
Polyvinylchloride,3353.0,0.341
Polyvinylchloride,3990.0,0.298
Polyvinylchloride,4679.0,0.27
Polyvinylchloride,5336.0,0.246
Polyvinylchloride,6241.0,0.223
Polyvinylchloride,7177.0,0.182
Polyvinylchloride,8154.0,0.17
Polyvinylchloride,9369.0,0.168
Polyvinylchloride,10755.0,0.156
Polyvinylchloride,12392.0,0.154
Polyvinylchloride,14229.0,0.141
Polyvinylchloride,16389.0,0.128
Polyvinylchloride,18531.0,0.123
Nuclear_Electricity,11783.63459,0.261509517
Nuclear_Electricity,13783.63459,0.401551308
Nuclear_Electricity,15283.63459,0.641807999
Nuclear_Electricity,18780.91462,0.559623668
Nuclear_Electricity,22683.0,0.858936763
Nuclear_Electricity,32479.94592,1.014712183
Nuclear_Electricity,41188.17645,1.454413931
Nuclear_Electricity,43797.97645,1.502013351
Nuclear_Electricity,50178.12645,1.806956125
Nuclear_Electricity,53052.52645,1.914172156
Nuclear_Electricity,53881.55145,1.335587374
Nuclear_Electricity,55647.40145,1.713469344
Nuclear_Electricity,59847.12645,2.045859134
Nuclear_Electricity,60973.30145,2.719525695
Nuclear_Electricity,63969.12645,2.464479773
Nuclear_Electricity,78432.10145,2.848508198
Nuclear_Electricity,79537.05145,2.932466362
Nuclear_Electricity,101109.9765,2.977187961
Nuclear_Electricity,107287.9265,2.652277744
Nuclear_Electricity,108107.9265,3.374219115
PolyethyleneLD,2365.0,33.37643379
PolyethyleneLD,3159.3,33.03199174
PolyethyleneLD,4238.9,28.65235174
PolyethyleneLD,5351.6,23.52857143
PolyethyleneLD,6671.2,21.2691914
PolyethyleneLD,8263.7,18.60184237
PolyethyleneLD,10008.7,17.05338809
PolyethyleneLD,12003.8,17.06592292
PolyethyleneLD,14266.7,17.15079365
PolyethyleneLD,16914.3,14.31681244
PolyethyleneLD,19630.7,11.66730769
PolyethyleneLD,22937.2,11.4137606
PolyethyleneLD,26817.5,11.36166365
PolyethyleneLD,31057.1,10.85898538
PolyethyleneLD,35548.6,10.20268007
Solar_Thermal_Electricity,13.8,4.898713326
Solar_Thermal_Electricity,43.8,5.462253839
Solar_Thermal_Electricity,103.8,5.951856656
Solar_Thermal_Electricity,133.8,5.373935522
Solar_Thermal_Electricity,193.8,3.863366334
Solar_Thermal_Electricity,273.8,4.443810223
Polypropylene,25.0,0.397
Polypropylene,66.0,0.364
Polypropylene,163.0,0.312
Polypropylene,308.0,0.271
Polypropylene,505.0,0.221
Polypropylene,778.0,0.2
Polypropylene,1152.0,0.175
Polypropylene,1705.0,0.175
Polypropylene,2355.0,0.172
Laser_Diode,0.1,3500.0
Laser_Diode,1.1,2000.0
Laser_Diode,11.0,1500.0
Laser_Diode,110.0,1000.0
Laser_Diode,300.0,750.0
Laser_Diode,600.0,400.0
Laser_Diode,1150.0,300.0
Laser_Diode,1850.0,200.0
Laser_Diode,3150.0,170.0
Laser_Diode,5030.0,140.0
Laser_Diode,6580.0,140.0
Laser_Diode,8400.0,140.0
Trichloroethane,2500.0,11.05654762
Trichloroethane,2742.9,11.0281827
Trichloroethane,3012.9,10.59903846
Trichloroethane,3312.3,10.50424128
Trichloroethane,3636.6,8.848101266
Trichloroethane,4002.9,8.141874463
Trichloroethane,4377.5,7.634840871
Electric_Power,600.0,0.468
Electric_Power,719.0,0.401
Electric_Power,859.0,0.337
Electric_Power,1018.0,0.29
Electric_Power,1204.0,0.284
Electric_Power,1402.0,0.287
Electric_Power,1596.0,0.272
Electric_Power,1787.0,0.237
Electric_Power,2005.0,0.224
Electric_Power,2246.0,0.233
Electric_Power,2495.0,0.224
Electric_Power,2776.0,0.205
Electric_Power,3094.0,0.204
Electric_Power,3437.0,0.199
Electric_Power,3821.0,0.196
Electric_Power,4232.0,0.183
Electric_Power,4713.0,0.174
Electric_Power,5243.0,0.169
Electric_Power,5801.0,0.171
Electric_Power,6370.0,0.165
Electric_Power,6997.0,0.157
Electric_Power,7678.0,0.161
Electric_Power,8399.0,0.158
Electric_Power,9175.0,0.153
Electric_Power,10006.0,0.148
Electric_Power,10896.0,0.147
Electric_Power,12054.0,0.145
Electric_Power,13303.0,0.143
Electric_Power,14620.0,0.142
Magnesium,789.4,30.4785553
Magnesium,859.1,33.0212766
Magnesium,920.2,36.67316017
Magnesium,988.5,36.66043614
Magnesium,1069.8,36.81334724
Magnesium,1099.9,36.43343653
Magnesium,1130.9,36.09815951
Magnesium,1171.0,36.0244898
Magnesium,1211.7,36.13510747
Magnesium,1280.7,36.13510747
Magnesium,1356.5,35.81416838
Magnesium,1436.0,34.99087221
Magnesium,1517.4,33.81944444
Magnesium,1597.2,33.03012634
Magnesium,1694.6,32.3875
Magnesium,1793.0,31.58812441
Magnesium,1892.9,30.12206148
Magnesium,2004.9,30.17454858
Magnesium,2128.4,30.16499162
Shotgun_Sanger_DNA_Sequencing,32400720.0,3.898635412
Shotgun_Sanger_DNA_Sequencing,64623060.0,3.413801195
Shotgun_Sanger_DNA_Sequencing,102090972.0,2.986204671
Shotgun_Sanger_DNA_Sequencing,148181280.0,2.230975235
Shotgun_Sanger_DNA_Sequencing,213913812.0,1.598909789
Shotgun_Sanger_DNA_Sequencing,285362820.0,1.135698674
Shotgun_Sanger_DNA_Sequencing,370342008.0,1.107463652
Shotgun_Sanger_DNA_Sequencing,459272532.0,1.028850676
Shotgun_Sanger_DNA_Sequencing,560856792.0,0.974164976
Shotgun_Sanger_DNA_Sequencing,660453180.0,0.89776108
Shotgun_Sanger_DNA_Sequencing,763743672.0,0.898901339
Shotgun_Sanger_DNA_Sequencing,882883176.0,0.766729122
Shotgun_Sanger_DNA_Sequencing,1006206828.0,0.699203272
Shotgun_Sanger_DNA_Sequencing,1126064256.0,0.651807473
Shotgun_Sanger_DNA_Sequencing,1258143048.0,0.636406401
Shotgun_Sanger_DNA_Sequencing,1389607944.0,0.581919798
Shotgun_Sanger_DNA_Sequencing,1524593160.0,0.522707717
Shotgun_Sanger_DNA_Sequencing,1655446404.0,0.502611276
Shotgun_Sanger_DNA_Sequencing,1775985660.0,0.495963452
Shotgun_Sanger_DNA_Sequencing,1895693160.0,0.397087299
Shotgun_Sanger_DNA_Sequencing,2017146300.0,0.394788244
Shotgun_Sanger_DNA_Sequencing,2126863428.0,0.512483869
Shotgun_Sanger_DNA_Sequencing,2197070532.0,0.626325235
Shotgun_Sanger_DNA_Sequencing,2232863988.0,0.84793089
Shotgun_Sanger_DNA_Sequencing,2265308748.0,1.019259585
Pentaerythritol,204.4,38.55902778
Pentaerythritol,245.3,38.34733258
Pentaerythritol,301.6,36.56320542
Pentaerythritol,355.3,35.52295633
Pentaerythritol,416.5,35.02380952
Pentaerythritol,473.6,32.32087227
Pentaerythritol,530.1,29.93013556
Pentaerythritol,583.4,30.37151703
Pentaerythritol,647.5,30.21267894
Pentaerythritol,711.8,29.17142857
Pentaerythritol,774.2,26.2395087
Pentaerythritol,836.2,24.41658137
Pentaerythritol,905.4,24.81211499
Pentaerythritol,974.7,22.53549696
Pentaerythritol,1044.0,23.2202381
Pentaerythritol,1124.8,21.8765792
Pentaerythritol,1210.5,21.25865385
Pentaerythritol,1302.9,21.667295
Pentaerythritol,1394.9,20.74412297
Pentaerythritol,1480.1,18.06534824
Pentaerythritol,1568.2,14.05108878
Ethylene_2,30831.0,5.110429448
Ethylene_2,36047.0,5.1
Ethylene_2,41535.0,4.812691914
Ethylene_2,47857.0,4.615148414
Ethylene_2,55007.0,4.784394251
Ethylene_2,63172.0,4.10851927
Ethylene_2,72209.0,4.096230159
Ethylene_2,82453.0,3.839650146
Ethylene_2,93319.0,3.3
Ethylene_2,106384.0,3.110273327
Ethylene_2,122211.0,2.792947559
Ethylene_2,139276.0,2.606190886
Ethylene_2,156751.0,2.495812395
VinylAcetate,1904.0,15.67791411
VinylAcetate,2155.0,15.03265306
VinylAcetate,2433.0,14.24257932
VinylAcetate,2751.0,13.5209826
VinylAcetate,3156.0,11.68583162
VinylAcetate,3596.0,10.89249493
VinylAcetate,4108.0,10.61210317
VinylAcetate,4714.0,10.85228377
VinylAcetate,5317.0,10.22403846
VinylAcetate,6035.0,9.372290292
VinylAcetate,6765.0,7.692585895
VinylAcetate,7568.0,6.705932932
VinylAcetate,8499.0,5.845896147
CarbonBlack,40116.2,7.195071869
CarbonBlack,42339.4,7.157200811
CarbonBlack,44693.2,7.114087302
CarbonBlack,47264.8,6.968901846
CarbonBlack,49748.6,7.041346154
CarbonBlack,52560.4,6.839773798
CarbonBlack,55523.7,6.857142857
CarbonBlack,58454.9,6.613069647
CarbonBlack,61472.0,6.499162479
Aniline,2887.4,16.10612245
Aniline,3010.1,13.58955988
Aniline,3147.6,14.18628454
Aniline,3302.2,14.13039014
Aniline,3472.1,13.2515213
Aniline,3667.6,11.42757937
Aniline,3906.6,10.57434402
Aniline,4132.2,10.36826923
Aniline,4395.6,9.942507069
Aniline,4729.7,10.38426763
Aniline,5128.1,9.6216681
Aniline,5494.1,7.320770519
PhthalicAnhydride,2948.2,21.43784994
PhthalicAnhydride,3279.6,20.2478355
PhthalicAnhydride,3594.8,19.84008307
PhthalicAnhydride,3950.6,20.14285714
PhthalicAnhydride,4251.9,16.58513932
PhthalicAnhydride,4609.8,17.94376278
PhthalicAnhydride,5010.9,17.99693878
PhthalicAnhydride,5390.7,14.27123849
PhthalicAnhydride,5818.1,9.957011259
PhthalicAnhydride,6276.7,9.987679671
PhthalicAnhydride,6834.2,8.542596349
PhthalicAnhydride,7442.5,9.393849206
PhthalicAnhydride,8117.7,11.60447036
PhthalicAnhydride,8845.2,12.04615385
PhthalicAnhydride,9589.0,10.56738926
PhthalicAnhydride,10349.0,8.226039783
PhthalicAnhydride,11083.0,6.283748925
PhthalicAnhydride,11877.4,5.845896147
Capillary_DNA_Sequencing,0.24,6.52
Capillary_DNA_Sequencing,5.4,3.47
Capillary_DNA_Sequencing,16.2,1.98
Capillary_DNA_Sequencing,34.56,1.65
Capillary_DNA_Sequencing,59.64,1.29
Capillary_DNA_Sequencing,93.24,1.12
Capillary_DNA_Sequencing,126.0,0.76
Capillary_DNA_Sequencing,165.24,0.97
MaleicAnhydride,409.3,26.9370485
MaleicAnhydride,469.9,24.17280164
MaleicAnhydride,560.0,22.11428571
MaleicAnhydride,637.7,17.06857728
MaleicAnhydride,721.7,13.62947799
MaleicAnhydride,808.3,12.52053388
MaleicAnhydride,926.4,11.80020284
MaleicAnhydride,1054.6,12.60416667
MaleicAnhydride,1223.2,12.8765792
MaleicAnhydride,1391.4,11.86730769
MaleicAnhydride,1573.1,13.7737983
MaleicAnhydride,1773.8,14.34267631
MaleicAnhydride,1988.9,12.6672399
MaleicAnhydride,2217.5,10.99748744
Refined_Cane_Sugar,610.0,0.1118
Refined_Cane_Sugar,618.0,0.1087
Refined_Cane_Sugar,625.0,0.1022
Refined_Cane_Sugar,637.0,0.1088
Refined_Cane_Sugar,647.0,0.0995
Refined_Cane_Sugar,655.0,0.1059
Refined_Cane_Sugar,667.0,0.1056
Refined_Cane_Sugar,675.0,0.0988
Refined_Cane_Sugar,684.0,0.0957
Refined_Cane_Sugar,695.0,0.0924
Refined_Cane_Sugar,705.0,0.0967
Refined_Cane_Sugar,711.0,0.1108
Refined_Cane_Sugar,723.0,0.097
Refined_Cane_Sugar,734.0,0.1004
Refined_Cane_Sugar,745.0,0.0995
Refined_Cane_Sugar,755.0,0.0978
Refined_Cane_Sugar,766.0,0.0984
Refined_Cane_Sugar,779.0,0.0985
Refined_Cane_Sugar,792.0,0.0972
Refined_Cane_Sugar,804.0,0.0947
Refined_Cane_Sugar,817.0,0.0935
Refined_Cane_Sugar,826.0,0.094
Refined_Cane_Sugar,838.0,0.0925
Refined_Cane_Sugar,853.0,0.0916
Refined_Cane_Sugar,864.0,0.091
Refined_Cane_Sugar,878.0,0.09
Refined_Cane_Sugar,890.0,0.091
Refined_Cane_Sugar,908.0,0.1115
Refined_Cane_Sugar,916.0,0.0977
Refined_Cane_Sugar,930.0,0.0923
Refined_Cane_Sugar,946.0,0.0913
Refined_Cane_Sugar,957.0,0.0901
Refined_Cane_Sugar,975.0,0.0886
Paraxylene,285.0,0.16
Paraxylene,390.0,0.135
Paraxylene,550.0,0.135
Paraxylene,760.0,0.125
Paraxylene,1050.0,0.11
Paraxylene,1250.0,0.084
Paraxylene,1550.0,0.082
Paraxylene,1850.0,0.082
Paraxylene,2320.0,0.07
Paraxylene,2800.0,0.07
Paraxylene,3400.0,0.057
Ammonia,44182.0,3.526584867
Ammonia,49000.0,3.644897959
Ammonia,54207.0,3.550665302
Ammonia,60017.0,3.491299898
Ammonia,66710.0,3.459958932
Ammonia,74344.0,3.387423935
Ammonia,83213.0,3.096230159
Ammonia,93835.0,2.700680272
Ammonia,105705.0,2.048076923
Ammonia,117825.0,1.603204524
Ammonia,130594.0,1.545207957
Ammonia,144418.0,1.512467756
Ammonia,158956.0,1.515075377
SCGT,51.1,1075.2
SCGT,100.8,777.0
SCGT,303.4,539.2
SCGT,589.5,507.3
SCGT,955.7,487.2
SCGT,1111.5,477.4
Automotive_(US),1110.0,6.595449578
Automotive_(US),2438.0,4.828627885
Automotive_(US),3965.0,4.055818099
Automotive_(US),5740.0,3.260255864
Automotive_(US),7575.0,2.783143561
Automotive_(US),9496.0,2.469480741
Automotive_(US),11522.0,2.201498477
Automotive_(US),13618.0,1.979837503
Automotive_(US),15762.0,1.792564166
Automotive_(US),17934.0,1.671241261
Automotive_(US),20181.0,1.549617383
Automotive_(US),22477.0,1.452879768
Automotive_(US),24835.0,1.371466742
Automotive_(US),27258.0,1.29883902
Automotive_(US),29744.0,1.240950928
Automotive_(US),32306.0,1.185530477
Automotive_(US),34938.0,1.130290622
Automotive_(US),37629.0,1.080004718
Automotive_(US),40376.0,1.033314987
Automotive_(US),43173.0,0.992943876
Automotive_(US),46029.0,0.948995338
Automotive_(US),48919.0,0.921007672
Automotive_(US),51884.0,0.880772517
VinylChloride,8773.0,7.654042989
VinylChloride,10085.0,7.144319345
VinylChloride,11520.0,6.516427105
VinylChloride,13135.0,6.216024341
VinylChloride,15135.0,5.882936508
VinylChloride,17635.0,5.121477162
VinylChloride,20059.0,4.396153846
VinylChloride,23028.0,4.119698398
VinylChloride,26764.0,3.561482821
VinylChloride,30804.0,3.5855546
VinylChloride,35140.0,3.325795645
Photovoltaics,2.0,25.0
Photovoltaics,4.0,20.0
Photovoltaics,6.25,15.0
Photovoltaics,8.75,13.0
Photovoltaics,12.75,12.0
Photovoltaics,19.25,10.0
Photovoltaics,27.0,9.0
Photovoltaics,39.0,7.75
Photovoltaics,59.0,7.0
Photovoltaics,81.0,6.5
Photovoltaics,107.0,5.0
Photovoltaics,135.0,4.0
Photovoltaics,164.0,3.75
Photovoltaics,198.0,4.25
Photovoltaics,238.0,4.75
Photovoltaics,285.0,4.5
Photovoltaics,340.0,4.25
Photovoltaics,400.0,4.25
Photovoltaics,460.0,4.0
Photovoltaics,530.0,3.75
Photovoltaics,610.0,4.0
Photovoltaics,699.0,4.15
Photovoltaics,825.0,4.0
Photovoltaics,978.0,3.5
Photovoltaics,1179.0,3.5
Photovoltaics,1469.0,3.5
Photovoltaics,1860.0,3.25
Photovoltaics,2385.0,3.0
TitaniumDioxide,7907.5,26.93326489
TitaniumDioxide,8466.0,26.39350913
TitaniumDioxide,9042.7,25.38194444
TitaniumDioxide,9637.2,24.8143829
TitaniumDioxide,10226.6,24.57596154
TitaniumDioxide,10850.3,24.08953817
TitaniumDioxide,11514.6,22.47197107
TitaniumDioxide,12170.0,19.53052451
TitaniumDioxide,12847.8,20.01926298
Motor_Gasoline,9.72,0.113
Motor_Gasoline,10.56,0.128
Motor_Gasoline,11.48,0.131
Motor_Gasoline,12.44,0.134
Motor_Gasoline,13.46,0.132
Motor_Gasoline,14.6,0.129
Motor_Gasoline,15.79,0.134
Motor_Gasoline,17.08,0.128
Motor_Gasoline,18.37,0.126
Motor_Gasoline,19.79,0.123
Motor_Gasoline,21.27,0.124
Motor_Gasoline,22.75,0.116
Motor_Gasoline,24.24,0.114
Motor_Gasoline,25.79,0.113
Motor_Gasoline,27.38,0.112
Motor_Gasoline,28.98,0.109
Motor_Gasoline,30.64,0.106
Motor_Gasoline,32.35,0.104
Motor_Gasoline,34.13,0.104
Motor_Gasoline,35.95,0.101
Motor_Gasoline,37.86,0.1
Motor_Gasoline,39.84,0.094
Solar_Water_Heaters,7.0,0.740672792
Solar_Water_Heaters,126.56,0.872307348
Solar_Water_Heaters,396.06,0.913114037
Solar_Water_Heaters,1175.72,1.271529508
Solar_Water_Heaters,1874.04,1.309119566
Solar_Water_Heaters,2694.02,1.412951537
Solar_Water_Heaters,3747.8,1.397858172
Solar_Water_Heaters,9101.64,1.334843787
Solar_Water_Heaters,20051.64,1.165419709
Solar_Water_Heaters,63080.54,1.059580138
Wind_Turbine_(Denmark),10.0,11075.0
Wind_Turbine_(Denmark),15.0,11451.0
Wind_Turbine_(Denmark),40.0,10811.0
Wind_Turbine_(Denmark),156.0,10199.0
Wind_Turbine_(Denmark),399.0,9576.0
Wind_Turbine_(Denmark),611.0,8485.0
Wind_Turbine_(Denmark),699.0,7722.0
Wind_Turbine_(Denmark),801.0,7614.0
Wind_Turbine_(Denmark),937.0,7928.0
Wind_Turbine_(Denmark),1099.0,8152.0
Wind_Turbine_(Denmark),1265.0,7456.0
Wind_Turbine_(Denmark),1431.0,7033.0
Wind_Turbine_(Denmark),1641.0,6644.0
Wind_Turbine_(Denmark),2027.0,6100.0
Wind_Turbine_(Denmark),2601.0,5946.0
Wind_Turbine_(Denmark),3327.0,6041.0
Wind_Turbine_(Denmark),4295.0,5958.0
Wind_Turbine_(Denmark),5511.0,5702.0
Wind_Turbine_(Denmark),7710.0,5563.0
Sorbitol,1398.0,22.28904665
Sorbitol,1485.0,19.68849206
Sorbitol,1574.0,19.2866861
Sorbitol,1671.0,18.70480769
Sorbitol,1777.0,18.57492931
Sorbitol,1892.0,17.89059675
Sorbitol,2017.0,17.39208942
Sorbitol,2149.0,17.84422111
Styrene,9117.3,12.41397289
Styrene,10341.0,11.92363261
Styrene,11912.3,11.6605317
Styrene,13656.9,10.89387755
Styrene,15418.5,10.25997953
Styrene,17360.7,9.481064483
Styrene,19515.1,8.31724846
Styrene,22086.5,7.737322515
Styrene,24950.8,7.965277778
Styrene,28142.2,7.496598639
Styrene,31420.3,6.435576923
Styrene,35118.2,5.982092366
Styrene,39766.1,5.849005425
Styrene,44101.4,5.175408426
Styrene,48783.0,4.781407035
Aluminum,15215.9,28.13528139
Aluminum,16894.9,28.55140187
Aluminum,18542.9,28.04692388
Aluminum,20108.9,27.75748194
Aluminum,22062.9,26.58179959
Aluminum,24076.9,26.02857143
Aluminum,25980.9,24.46571136
Aluminum,28098.9,23.13306039
Aluminum,30411.9,24.32135524
Aluminum,32964.9,24.85598377
Aluminum,35718.9,24.31349206
Aluminum,38686.9,24.29834791
Aluminum,41955.9,24.625
Aluminum,45210.9,25.63053723
Aluminum,49003.9,25.95207957
Aluminum,52979.9,24.927773
Aluminum,56904.9,22.0360134
CCGT_Power,15269.0,515.0
CCGT_Power,16715.0,460.0
CCGT_Power,20705.0,575.0
CCGT_Power,26579.0,599.3
CCGT_Power,29268.0,514.3
CCGT_Power,33081.0,631.8
CCGT_Power,37331.0,521.6
CCGT_Power,43952.0,641.6
CCGT_Power,48802.0,607.3
CCGT_Power,60987.0,533.4
CCGT_Power,75747.0,450.4
CCGT_Power,90127.0,467.4
CCGT_Power,105127.0,432.6
BisphenolA,232.8,28.00825593
BisphenolA,276.6,27.72290389
BisphenolA,327.1,27.66632653
BisphenolA,372.9,26.08290686
BisphenolA,435.0,25.28659161
BisphenolA,507.4,22.20533881
BisphenolA,600.3,21.09634888
BisphenolA,697.5,20.12599206
BisphenolA,823.9,20.01360544
BisphenolA,954.3,18.18846154
BisphenolA,1098.0,17.63336475
BisphenolA,1280.1,15.1238698
BisphenolA,1482.3,13.69475494
BisphenolA,1669.0,12.97068677
EthyleneGlycol,10968.9,10.47750511
EthyleneGlycol,12266.2,11.06938776
EthyleneGlycol,13449.5,9.556806551
EthyleneGlycol,14883.4,9.255885363
EthyleneGlycol,16543.0,9.396303901
EthyleneGlycol,18357.6,8.820486815
EthyleneGlycol,20155.5,8.08531746
EthyleneGlycol,22236.7,7.325558795
EthyleneGlycol,24225.5,6.441346154
EthyleneGlycol,26268.3,6.030160226
EthyleneGlycol,28839.2,5.984629295
EthyleneGlycol,31876.7,5.496130696
EthyleneGlycol,34946.7,5.005862647
Methanol,2466.2,4.173416407
Methanol,2695.6,3.713242961
Methanol,2910.1,3.809081527
Methanol,3175.4,3.680981595
Methanol,3471.9,3.633673469
Methanol,3779.6,3.481064483
Methanol,4115.7,3.512794268
Methanol,4467.7,2.925051335
Methanol,4864.6,3.193711968
Methanol,5297.3,3.235119048
Methanol,5790.3,3.041788144
Methanol,6308.0,2.549038462
Methanol,6883.8,2.525918944
Methanol,7518.2,2.59403255
Methanol,8262.0,1.702493551
Methanol,9008.6,1.215242881
CCGT_Electricity,247.0,4.28
CCGT_Electricity,307.0,4.05
CCGT_Electricity,430.0,4.03
CCGT_Electricity,568.0,4.08
CCGT_Electricity,657.0,3.91
CCGT_Electricity,763.0,4.17
CCGT_Electricity,890.0,3.92
CCGT_Electricity,1024.0,4.09
CCGT_Electricity,1193.0,3.99
CCGT_Electricity,1415.0,3.78
CCGT_Electricity,1719.0,3.54
CCGT_Electricity,2104.0,3.51
CCGT_Electricity,2580.0,3.41
Corn_(US),217.678,11.48
Corn_(US),404.943,11.26
Corn_(US),585.207,9.95
Corn_(US),811.332,9.12
Corn_(US),1087.524,11.09
Corn_(US),1366.989,9.15
Corn_(US),1627.0754,8.79
Corn_(US),1870.5218,12.7
Corn_(US),2123.3414,9.45
Corn_(US),2396.2796,8.53
Corn_(US),2648.4531,8.44
Corn_(US),2815.4817,8.42
Corn_(US),3002.0448,12.02
Corn_(US),3219.249,8.693384335
Corn_(US),3474.6156,8.51
Corn_(US),3731.9406,9.06
Corn_(US),3986.9184,7.47
Corn_(US),4261.2494,10.09
Corn_(US),4488.3029,6.985679357
Corn_(US),4784.6234,8.634087377
Corn_(US),5106.603,7.695267411
Corn_(US),5476.532,7.692307692
Corn_(US),5807.902,7.352941176
Corn_(US),6070.782,7.407407407
Corn_(US),6301.482,7.246376812
Corn_(US),6548.152,6.944444444
Corn_(US),6815.072,7.462686567
Corn_(US),7127.892,6.711409396
Corn_(US),7447.512,5.917159763
Corn_(US),7809.862,6.711409396
Corn_(US),8070.292,7.246376812
Corn_(US),8422.162,6.993006993
Corn_(US),8891.102,6.944444444
PolyethyleneHD,745.0,34.42752868
PolyethyleneHD,815.5,34.07223942
PolyethyleneHD,930.9,33.38957055
PolyethyleneHD,1155.4,32.49897959
PolyethyleneHD,1442.1,31.5087001
PolyethyleneHD,1865.8,23.98157625
PolyethyleneHD,2381.7,21.24948665
PolyethyleneHD,3040.0,18.72920892
PolyethyleneHD,3824.4,17.42757937
PolyethyleneHD,4734.7,16.41885326
PolyethyleneHD,5816.9,14.92115385
PolyethyleneHD,7078.2,14.35061263
PolyethyleneHD,8687.8,12.49367089
PolyethyleneHD,10292.3,10.27773001
PolyethyleneHD,12182.1,9.80318258
Hard_Disk_Drive,1769.9,13.38268249
Hard_Disk_Drive,4205.8,9.50486357
Hard_Disk_Drive,7932.9,6.997576581
Hard_Disk_Drive,12643.7,3.925980122
Hard_Disk_Drive,20824.1,1.870505757
Hard_Disk_Drive,35679.6,0.883271817
Hard_Disk_Drive,68612.6,0.405048884
Hard_Disk_Drive,149289.8,0.216065177
Hard_Disk_Drive,309913.2,0.111202621
Hard_Disk_Drive,647974.6,0.040066604
Hard_Disk_Drive,1447974.6,0.018487629
Hard_Disk_Drive,2947974.6,0.009924938
Hard_Disk_Drive,5447974.6,0.006980927
Hard_Disk_Drive,7947974.6,0.001892621
Hard_Disk_Drive,16947974.6,0.001963277
Hard_Disk_Drive,27947974.6,0.001094871
Hard_Disk_Drive,47947974.6,0.0006954
Hard_Disk_Drive,87947974.6,0.000342648
Hard_Disk_Drive,172947974.6,0.000307196
Low_Density_Polyethylene,265.0,0.498
Low_Density_Polyethylene,400.0,0.458
Low_Density_Polyethylene,610.0,0.43
Low_Density_Polyethylene,1012.0,0.386
Low_Density_Polyethylene,1578.0,0.329
Low_Density_Polyethylene,2286.0,0.32
Low_Density_Polyethylene,3076.0,0.315
Low_Density_Polyethylene,4156.0,0.27
Low_Density_Polyethylene,5266.0,0.22
Low_Density_Polyethylene,6586.0,0.199
Low_Density_Polyethylene,8176.0,0.168
Low_Density_Polyethylene,9926.0,0.156
Low_Density_Polyethylene,11886.0,0.153
Low_Density_Polyethylene,14146.0,0.149
Low_Density_Polyethylene,16766.0,0.128
Low_Density_Polyethylene,19526.0,0.107
Urea,4988.0,4.389795918
Urea,5903.0,4.451381781
Urea,6932.0,4.411463664
Urea,8038.0,4.372689938
Urea,9282.0,4.096348884
Urea,10677.0,4.128968254
Urea,12449.0,3.537414966
Urea,14629.0,2.970192308
Urea,17065.0,2.374175306
Urea,20041.0,2.604882459
Urea,23291.0,2.442820292
Urea,26472.0,2.211892797
Sodium,6481.2,17.38629283
Sodium,6747.2,17.28571429
Sodium,6967.8,17.15892673
Sodium,7191.8,16.66359918
Sodium,7419.4,16.56326531
Sodium,7637.6,16.9160696
Sodium,7875.8,16.86591607
Sodium,8127.0,16.93429158
Sodium,8405.6,15.99188641
Sodium,8708.8,15.22619048
Sodium,9038.6,14.9154519
Sodium,9367.6,14.86153846
Sodium,9680.4,14.95098963
Sodium,10009.8,14.41500904
Sodium,10352.2,13.97076526
Sodium,10658.4,14.22026801
Ethanolamine,430.3,26.65957447
Ethanolamine,508.4,25.68831169
Ethanolamine,601.8,24.35410177
Ethanolamine,695.5,23.63816475
Ethanolamine,792.9,22.43240454
Ethanolamine,917.7,21.82924335
Ethanolamine,1043.8,20.99285714
Ethanolamine,1175.0,21.2272262
Ethanolamine,1310.5,20.23234391
Ethanolamine,1456.3,19.03593429
Ethanolamine,1630.2,18.0851927
Ethanolamine,1831.0,16.5109127
Ethanolamine,2038.8,15.17103984
Ethanolamine,2265.6,13.0625
Ethanolamine,2489.5,11.64373233
Ethanolamine,2744.6,10.24954792
Ethanolamine,3008.9,9.845227859
Ethanolamine,3268.1,9.793132328
SodiumChlorate,618.1,8.541188738
SodiumChlorate,685.3,8.40247678
SodiumChlorate,773.6,8.258691207
SodiumChlorate,865.2,8.308163265
SodiumChlorate,968.4,8.21801433
SodiumChlorate,1080.2,8.103377687
SodiumChlorate,1204.5,8.087268994
SodiumChlorate,1340.8,7.411764706
SodiumChlorate,1475.1,6.639880952
SodiumChlorate,1629.3,6.003887269
SodiumChlorate,1784.8,5.730769231
SodiumChlorate,1952.2,5.770970782
SodiumChlorate,2139.4,5.608499096
SodiumChlorate,2337.1,5.39810834
SodiumChlorate,2532.9,5.358458961
Primary_Magnesium,2760.0,0.974
Primary_Magnesium,3347.0,0.67
Primary_Magnesium,3847.0,0.746
Primary_Magnesium,4347.0,0.763
Primary_Magnesium,5347.0,0.711
Primary_Magnesium,7347.0,0.704
Primary_Magnesium,9347.0,0.702
Primary_Magnesium,11347.0,0.674
Primary_Magnesium,13617.0,0.683
Primary_Magnesium,16027.0,0.625
Primary_Magnesium,21352.0,0.615
Primary_Magnesium,27613.0,0.477
Primary_Magnesium,43908.0,0.424
Primary_Magnesium,92871.0,0.361
Primary_Magnesium,276455.0,0.352
Primary_Magnesium,433555.0,0.343
Primary_Magnesium,466374.0,0.307
Primary_Magnesium,471664.0,0.275
Primary_Magnesium,484008.0,0.258
Primary_Magnesium,494011.0,0.259
Primary_Magnesium,505609.0,0.274
Primary_Magnesium,521335.0,0.286
Primary_Magnesium,562261.0,0.28
Primary_Magnesium,668037.0,0.301
Primary_Magnesium,761112.0,0.301
Primary_Magnesium,830841.0,0.324
Primary_Magnesium,891976.0,0.361
Primary_Magnesium,960332.0,0.362
Primary_Magnesium,1041585.0,0.352
Primary_Magnesium,1071681.0,0.347
Primary_Magnesium,1102714.0,0.341
Primary_Magnesium,1142784.0,0.337
Primary_Magnesium,1183529.0,0.333
Primary_Magnesium,1252484.0,0.329
Primary_Magnesium,1328329.0,0.323
Primary_Magnesium,1407817.0,0.318
Primary_Magnesium,1489178.0,0.309
Primary_Magnesium,1568972.0,0.306
Primary_Magnesium,1666000.0,0.296
NeopreneRubber,2300.7,43.95807771
NeopreneRubber,2601.8,43.86836735
NeopreneRubber,2867.2,44.00307062
NeopreneRubber,3155.9,44.00307062
NeopreneRubber,3444.6,44.1386037
NeopreneRubber,3761.3,43.60141988
NeopreneRubber,4074.9,41.68055556
NeopreneRubber,4395.2,39.86200194
NeopreneRubber,4724.5,39.44038462
NeopreneRubber,5065.0,38.65975495
NeopreneRubber,5414.4,37.08679928
NeopreneRubber,5774.4,35.26913156
NeopreneRubber,6134.4,34.35343384
Electric_Range,4.9,301.0
Electric_Range,6.2,295.0
Electric_Range,7.7,288.0
Electric_Range,8.6,280.0
Electric_Range,10.4,288.0
Electric_Range,11.7,282.0
Electric_Range,12.9,285.0
Electric_Range,14.3,285.0
Electric_Range,15.2,282.0
Electric_Range,16.7,271.0
Electric_Range,17.7,257.0
Electric_Range,18.2,259.0
Electric_Range,19.3,250.0
Electric_Range,20.0,245.0
Electric_Range,21.0,240.0
Electric_Range,22.0,230.0
Electric_Range,22.9,227.0
Electric_Range,23.8,200.0
Electric_Range,25.0,200.0
Electric_Range,26.2,197.0
Electric_Range,27.7,190.0
Ethylene,3.9,0.052
Ethylene,6.2,0.052
Ethylene,9.2,0.051
Ethylene,12.8,0.048
Ethylene,16.7,0.047
Ethylene,20.8,0.046
Ethylene,25.9,0.045
Ethylene,31.13,0.045
Ethylene,37.0,0.047
Ethylene,43.3,0.047
Ethylene,50.8,0.043
Ethylene,59.4,0.036
Ethylene,68.8,0.036
Ethylene,80.0,0.034
Ethylene,91.8,0.026
Nuclear_Power_(OECD),75.1,3.2
Nuclear_Power_(OECD),85.7,3.1
Nuclear_Power_(OECD),100.9,3.1
Nuclear_Power_(OECD),116.2,3.1
Nuclear_Power_(OECD),126.3,3.1
Nuclear_Power_(OECD),140.7,3.0
Nuclear_Power_(OECD),160.9,3.0
Nuclear_Power_(OECD),172.4,3.0
Nuclear_Power_(OECD),191.1,3.0
Nuclear_Power_(OECD),209.7,2.9
Nuclear_Power_(OECD),252.4,2.9
Nuclear_Power_(OECD),274.0,2.9
Nuclear_Power_(OECD),298.7,2.9
Nuclear_Power_(OECD),309.5,2.9
Nuclear_Power_(OECD),322.2,2.8
Nuclear_Power_(OECD),330.3,2.8
Nuclear_Power_(OECD),331.2,2.790340497
Nuclear_Power_(OECD),332.4,2.767776303
AcrylicFiber,552.7,132.9867076
AcrylicFiber,688.4,120.4459184
AcrylicFiber,828.5,107.4759468
AcrylicFiber,998.5,107.4759468
AcrylicFiber,1208.2,100.6190965
AcrylicFiber,1495.9,91.29513185
AcrylicFiber,1864.3,79.36309524
AcrylicFiber,2217.2,72.85034014
AcrylicFiber,2614.9,57.67211538
AcrylicFiber,3135.9,51.82092366
AcrylicFiber,3668.9,49.7124774
AcrylicFiber,4160.8,45.5588994
AcrylicFiber,4706.0,40.19262982
Formaldehyde,23103.6,3.245649949
Formaldehyde,25501.7,3.090071648
Formaldehyde,28038.9,2.689938398
Formaldehyde,30878.8,2.576064909
Formaldehyde,33985.4,2.677579365
Formaldehyde,37698.0,2.535471331
Formaldehyde,41405.1,2.365384615
Formaldehyde,45709.7,2.176248822
Formaldehyde,50107.5,2.151898734
Formaldehyde,54534.4,1.909716251
Formaldehyde,59056.0,1.617252931
Wheat_(US),170.0,79.36507937
Wheat_(US),381.0,77.51937984
Wheat_(US),627.0,72.99270073
Wheat_(US),917.0,82.6446281
Wheat_(US),1171.0,81.96721311
Wheat_(US),1443.0,84.74576271
Wheat_(US),1714.0,77.51937984
Wheat_(US),2036.0,76.92307692
Wheat_(US),2392.0,90.09009009
Wheat_(US),2706.0,91.74311927
Wheat_(US),3015.0,70.92198582
Wheat_(US),3411.0,74.07407407
Wheat_(US),3860.0,76.92307692
Wheat_(US),4319.0,75.75757576
Wheat_(US),4821.0,90.90909091
Wheat_(US),5227.0,66.22516556
Wheat_(US),5779.0,81.30081301
Wheat_(US),6218.0,67.56756757
Wheat_(US),6789.0,87.71929825
Wheat_(US),7189.0,70.92198582
Wheat_(US),7703.0,75.18796992
Wheat_(US),8194.0,82.6446281
Wheat_(US),8618.0,71.42857143
Wheat_(US),9122.0,81.96721311
Wheat_(US),9571.0,60.60606061
Wheat_(US),10249.0,70.42253521
Wheat_(US),10861.0,80.64516129
Wheat_(US),11367.0,74.07407407
Wheat_(US),11909.0,71.94244604
Wheat_(US),12451.0,78.125
Wheat_(US),12974.0,71.42857143
Wheat_(US),13580.0,65.78947368
Wheat_(US),14348.0,80.0
Wheat_(US),15003.0,81.96721311
Wheat_(US),15602.0,66.66666667
Wheat_(US),16365.0,67.11409396
Wheat_(US),17052.0,72.99270073
Wheat_(US),17715.0,77.51937984
Wheat_(US),18271.0,65.78947368
Wheat_(US),18977.0,62.5
Wheat_(US),19718.0,70.42253521
Wheat_(US),20347.0,69.93006993
Wheat_(US),20990.0,64.51612903
Wheat_(US),21674.0,72.99270073
Wheat_(US),22299.0,80.64516129
Wheat_(US),22917.0,66.22516556
Wheat_(US),23647.0,69.44444444
Wheat_(US),24398.0,62.11180124
Wheat_(US),25295.0,59.88023952
Wheat_(US),26304.0,84.03361345
Wheat_(US),26939.0,75.75757576
Wheat_(US),27559.0,67.56756757
Wheat_(US),28463.0,77.51937984
Wheat_(US),29415.0,74.07407407
Wheat_(US),30258.0,78.74015748
Wheat_(US),31077.0,72.46376812
Wheat_(US),31924.0,75.18796992
Wheat_(US),32683.0,62.5
Wheat_(US),33525.0,78.125
Wheat_(US),34194.0,68.02721088
Wheat_(US),35026.0,68.02721088
Wheat_(US),35901.0,64.93506494
Wheat_(US),36815.0,76.92307692
Wheat_(US),37639.0,70.42253521
Wheat_(US),38526.0,61.34969325
Wheat_(US),39468.0,76.33587786
Wheat_(US),40224.0,89.28571429
Wheat_(US),40776.0,82.6446281
Wheat_(US),41302.0,81.96721311
Wheat_(US),41930.0,78.125
Wheat_(US),42560.0,73.52941176
Wheat_(US),43434.0,75.18796992
Wheat_(US),44354.0,70.92198582
Wheat_(US),45095.0,65.35947712
Wheat_(US),45910.0,59.52380952
Wheat_(US),46852.0,51.28205128
Wheat_(US),47821.0,60.97560976
Wheat_(US),48665.0,56.49717514
Wheat_(US),49725.0,58.82352941
Wheat_(US),50833.0,58.13953488
Wheat_(US),51985.0,54.94505495
Wheat_(US),53344.0,55.86592179
Wheat_(US),54639.0,68.96551724
Wheat_(US),55737.0,60.60606061
Wheat_(US),56756.0,62.5
Wheat_(US),57744.0,54.34782609
Wheat_(US),59050.0,57.80346821
Wheat_(US),60223.0,55.24861878
Wheat_(US),61207.0,50.50505051
Wheat_(US),62144.0,49.5049505
Wheat_(US),63149.0,45.87155963
Wheat_(US),64105.0,36.36363636
Wheat_(US),65562.0,46.2962963
Wheat_(US),66680.0,38.31417625
Wheat_(US),68034.7,41.84100418
Wheat_(US),69267.1,40.0
Wheat_(US),70359.1,39.68253968
Wheat_(US),71505.9,38.75968992
Wheat_(US),72789.3,37.73584906
Wheat_(US),74104.9,38.02281369
Wheat_(US),75409.8,38.02281369
Wheat_(US),76917.4,35.21126761
Wheat_(US),78474.0,32.67973856
Wheat_(US),79916.7,32.25806452
Wheat_(US),81268.3,29.49852507
Wheat_(US),82886.9,30.58103976
Wheat_(US),84433.1,31.64556962
Wheat_(US),86143.9,36.63003663
Wheat_(US),87925.8,32.67973856
Wheat_(US),90052.73,33.00330033
Wheat_(US),92201.51,32.5732899
Wheat_(US),94247.04,31.84713376
Wheat_(US),96022.56,29.3255132
Wheat_(US),98156.62,29.85074627
Wheat_(US),100537.55,28.9017341
Wheat_(US),103322.91,28.16901408
Wheat_(US),106087.88,25.38071066
Wheat_(US),108507.7,25.77319588
Wheat_(US),111102.48,26.66666667
Wheat_(US),113526.6,29.06976744
Wheat_(US),115617.17,26.52519894
Wheat_(US),117724.86,29.3255132
Wheat_(US),119537.06,30.58103976
Wheat_(US),121573.68,25.3164557
Wheat_(US),124303.46,29.15451895
Wheat_(US),126283.6,25.44529262
Wheat_(US),128750.4,26.17801047
Wheat_(US),131146.84,26.59574468
Wheat_(US),133467.82,27.93296089
Wheat_(US),135650.53,27.54820937
Wheat_(US),137927.92,25.3164557
Wheat_(US),140409.39,23.14814815
Wheat_(US),142956.71,23.41920375
Wheat_(US),145252.27,23.80952381
Wheat_(US),147480.43,24.87562189
Wheat_(US),149427.88,28.57142857
Wheat_(US),151033.76,22.62443439
Wheat_(US),153378.18,23.14814815
Wheat_(US),155534.97,23.80952381
Wheat_(US),157638.3,25.90673575
Wheat_(US),159446.72,24.87562189
Wheat_(US),161497.81,22.27171492
Offshore_Gas_Pipeline,12.2,3.329099167
Offshore_Gas_Pipeline,52.0,11.37324299
Offshore_Gas_Pipeline,52.4,1.080410355
Offshore_Gas_Pipeline,409.2,2.29740495
Offshore_Gas_Pipeline,561.0,1.497539371
Offshore_Gas_Pipeline,600.3,3.337174571
Offshore_Gas_Pipeline,608.0,2.30101222
Offshore_Gas_Pipeline,611.4,1.380705999
Offshore_Gas_Pipeline,613.4,1.403501011
Offshore_Gas_Pipeline,752.0,1.50946943
Offshore_Gas_Pipeline,861.0,1.322203548
Benzene,3.166,0.464
Benzene,3.427,0.458
Benzene,3.677,0.407
Benzene,3.965,0.383
Benzene,4.266,0.359
Benzene,4.576,0.33
Benzene,4.847,0.286
Benzene,5.186,0.3
Benzene,5.642,0.306
Benzene,6.185,0.232
Benzene,6.726,0.215
Benzene,7.374,0.202
Benzene,8.105,0.216
Benzene,8.932,0.211
Benzene,9.887,0.205
Benzene,10.85,0.199
Ethanol_(Brazil),3383.0,27.37
Ethanol_(Brazil),7089.0,26.25
Ethanol_(Brazil),11252.0,23.65
Ethanol_(Brazil),17075.0,23.26
Ethanol_(Brazil),24936.0,24.25
Ethanol_(Brazil),34188.0,18.44
Ethanol_(Brazil),46008.0,19.44
Ethanol_(Brazil),56514.0,16.9
Ethanol_(Brazil),67971.0,14.18
Ethanol_(Brazil),79675.0,12.89
Ethanol_(Brazil),91573.0,13.12
Ethanol_(Brazil),103356.0,13.6
Ethanol_(Brazil),116108.0,12.22
Ethanol_(Brazil),127795.0,12.2
Ethanol_(Brazil),139091.0,10.95
Ethanol_(Brazil),151783.0,11.88
Ethanol_(Brazil),164454.0,10.35
Ethanol_(Brazil),178688.0,9.46
Ethanol_(Brazil),194097.0,4.98
Ethanol_(Brazil),208025.0,9.61
Ethanol_(Brazil),221093.0,11.26
Ethanol_(Brazil),231708.0,10.06
Ethanol_(Brazil),243211.0,10.63
Ethanol_(Brazil),255849.0,8.4
IsopropylAlcohol,22286.1,6.394250513
IsopropylAlcohol,23790.1,6.277890467
IsopropylAlcohol,25328.1,5.929563492
IsopropylAlcohol,27042.4,5.950437318
IsopropylAlcohol,28882.4,5.701923077
IsopropylAlcohol,30772.4,5.533459001
IsopropylAlcohol,32722.4,5.161844485
IsopropylAlcohol,34641.4,4.952708512
IsopropylAlcohol,36315.3,4.663316583
Wind_Power,10.0,4.39873833
Wind_Power,25.0,2.75
Wind_Power,90.0,2.5
Wind_Power,210.0,2.45
Wind_Power,600.0,2.490934972
Wind_Power,1020.0,1.95
Wind_Power,1270.0,1.2
Wind_Power,1450.0,1.3
Wind_Power,1580.0,1.7
Wind_Power,1730.0,1.790980506
Wind_Power,1930.0,1.75
Wind_Power,2170.0,1.5
Wind_Power,2290.0,1.55
Wind_Power,2990.0,1.5
Wind_Power,3145.0,1.1
Wind_Power,4780.0,1.220523338
Wind_Power,10150.0,1.059047901
Wind_Power,18450.0,0.841688444
Polystyrene,21.0,0.55
Polystyrene,32.0,0.52
Polystyrene,55.0,0.45
Polystyrene,128.0,0.41
Polystyrene,230.0,0.335
Polystyrene,370.0,0.395
Polystyrene,560.0,0.425
Polystyrene,800.0,0.415
Polystyrene,1050.0,0.41
Polystyrene,1300.0,0.4
Polystyrene,1550.0,0.395
Polystyrene,1775.0,0.365
Polystyrene,2075.0,0.335
Polystyrene,2450.0,0.295
Polystyrene,2750.0,0.28
Polystyrene,2975.0,0.24
Polystyrene,3450.0,0.245
Polystyrene,3725.0,0.2
Polystyrene,4100.0,0.195
Polystyrene,4550.0,0.17
Polystyrene,5150.0,0.155
Polystyrene,5700.0,0.15
Polystyrene,6500.0,0.157
Polystyrene,7300.0,0.145
Polystyrene,8200.0,0.128
Phenol,5962.7,14.96181631
Phenol,6614.7,14.61758691
Phenol,7345.4,14.79387755
Phenol,8076.7,12.46878199
Phenol,8849.9,9.759467758
Phenol,9734.6,9.977412731
Phenol,10797.4,9.545638945
Phenol,11970.8,9.347222222
Phenol,13260.3,8.587949466
Phenol,14557.5,7.098076923
Phenol,16020.8,7.372290292
Phenol,17657.0,6.2920434
Phenol,19365.2,5.640584695
Phenol,21332.3,5.42881072
Beer_(Japan),930.0,76.44
Beer_(Japan),1206.0,65.6
Beer_(Japan),1578.0,67.53
Beer_(Japan),1968.0,66.42
Beer_(Japan),2371.0,63.0
Beer_(Japan),2823.0,60.33
Beer_(Japan),3375.0,60.83
Beer_(Japan),3991.0,58.96
Beer_(Japan),4736.0,55.73
Beer_(Japan),5655.0,51.97
Beer_(Japan),6888.0,50.41
Beer_(Japan),8371.0,48.14
Beer_(Japan),10058.0,45.97
Beer_(Japan),12051.0,46.86
Beer_(Japan),14044.0,44.76
Beer_(Japan),16167.0,43.03
Beer_(Japan),18578.0,43.17
Free_Standing_Gas_Range,34.7,116.6
Free_Standing_Gas_Range,37.1,119.4
Free_Standing_Gas_Range,40.1,114.7
Free_Standing_Gas_Range,42.2,117.2
Free_Standing_Gas_Range,45.2,117.8
Free_Standing_Gas_Range,47.4,112.5
Free_Standing_Gas_Range,49.6,115.8
Free_Standing_Gas_Range,51.5,105.1
Free_Standing_Gas_Range,53.6,106.0
Free_Standing_Gas_Range,55.9,101.2
Free_Standing_Gas_Range,57.9,98.6
Free_Standing_Gas_Range,59.7,96.4
Free_Standing_Gas_Range,61.4,97.0
Free_Standing_Gas_Range,63.0,92.4
Free_Standing_Gas_Range,64.5,91.2
Free_Standing_Gas_Range,65.9,90.6
Free_Standing_Gas_Range,67.6,93.2
Free_Standing_Gas_Range,69.3,86.1
Free_Standing_Gas_Range,70.7,84.6
Free_Standing_Gas_Range,72.3,84.2
Free_Standing_Gas_Range,73.8,83.1
